{"cameraMode":{"drawMode":0,"name":"Shaded","section":"Shading Mode"},"sceneLighting":false,"audioPlay":false,"sceneViewState":{"m_AlwaysRefresh":false,"showFog":true,"showSkybox":false,"showFlares":true,"showImageEffects":true,"showParticleSystems":true,"showVisualEffectGraphs":true,"m_FxEnabled":true},"in2DMode":false,"pivot":{"x":1.7881393432617188e-7,"y":0.8664480447769165,"z":-0.32435253262519839},"rotation":{"x":-0.09310602396726608,"y":-0.8568504452705383,"z":0.1665663868188858,"w":-0.47895359992980959},"size":1.3315328359603882,"orthographic":false}