{"cameraMode":{"drawMode":0,"name":"Shaded","section":"Shading Mode"},"sceneLighting":false,"audioPlay":false,"sceneViewState":{"m_AlwaysRefresh":false,"showFog":false,"showSkybox":false,"showFlares":false,"showImageEffects":false,"showParticleSystems":false,"showVisualEffectGraphs":true,"m_FxEnabled":true},"in2DMode":false,"pivot":{"x":0.00734840240329504,"y":-0.036957740783691409,"z":0.027955397963523866},"rotation":{"x":0.029395127668976785,"y":0.9674954414367676,"z":-0.13377457857131959,"w":0.2125910371541977},"size":4.146378517150879,"orthographic":false}