{"cameraMode":{"drawMode":0,"name":"Shaded","section":"Shading Mode"},"sceneLighting":true,"audioPlay":false,"sceneViewState":{"m_AlwaysRefresh":false,"showFog":true,"showSkybox":true,"showFlares":true,"showImageEffects":true,"showParticleSystems":true,"showVisualEffectGraphs":true,"m_FxEnabled":true},"in2DMode":false,"pivot":{"x":1.939995288848877,"y":5.300000190734863,"z":-561.4600219726563},"rotation":{"x":0.1353338062763214,"y":-0.046054668724536899,"z":0.006297558546066284,"w":0.9897094368934631},"size":2.9998714923858644,"orthographic":false}