{"cameraMode":{"drawMode":0,"name":"Shaded","section":"Shading Mode"},"sceneLighting":true,"audioPlay":false,"sceneViewState":{"m_AlwaysRefresh":false,"showFog":true,"showSkybox":true,"showFlares":true,"showImageEffects":true,"showParticleSystems":true,"showVisualEffectGraphs":true,"m_FxEnabled":true},"in2DMode":false,"pivot":{"x":-0.0001068115234375,"y":-1.5000991821289063,"z":500.0000915527344},"rotation":{"x":-0.48589465022087099,"y":0.0374797098338604,"z":-0.02086407132446766,"w":-0.8729668855667114},"size":353.55340576171877,"orthographic":true}