{"cameraMode":{"drawMode":0,"name":"Shaded","section":"Shading Mode"},"sceneLighting":false,"audioPlay":false,"sceneViewState":{"m_AlwaysRefresh":false,"showFog":false,"showSkybox":false,"showFlares":false,"showImageEffects":false,"showParticleSystems":false,"showVisualEffectGraphs":true,"m_FxEnabled":true},"in2DMode":false,"pivot":{"x":-5.717568397521973,"y":5.431085586547852,"z":2.9601683616638185},"rotation":{"x":-0.0018258485943078995,"y":0.9981733560562134,"z":-0.04375753179192543,"w":-0.04164694622159004},"size":1.9042739868164063,"orthographic":false}