{"cameraMode":{"drawMode":0,"name":"Shaded","section":"Shading Mode"},"sceneLighting":false,"audioPlay":false,"sceneViewState":{"m_AlwaysRefresh":false,"showFog":false,"showSkybox":false,"showFlares":false,"showImageEffects":false,"showParticleSystems":false,"showVisualEffectGraphs":true,"m_FxEnabled":true},"in2DMode":false,"pivot":{"x":-0.7397176027297974,"y":0.004538148641586304,"z":-0.2181909680366516},"rotation":{"x":0.029395127668976785,"y":0.9674954414367676,"z":-0.13377457857131959,"w":0.2125910371541977},"size":0.5503936409950256,"orthographic":false}