{"cameraMode":{"drawMode":0,"name":"Shaded","section":"Shading Mode"},"sceneLighting":false,"audioPlay":false,"sceneViewState":{"m_AlwaysRefresh":false,"showFog":false,"showSkybox":false,"showFlares":false,"showImageEffects":false,"showParticleSystems":false,"showVisualEffectGraphs":true,"m_FxEnabled":true},"in2DMode":false,"pivot":{"x":5.884794518351555e-8,"y":0.8000216484069824,"z":0.00342530757188797},"rotation":{"x":-0.0018258485943078995,"y":0.9981733560562134,"z":-0.04375753179192543,"w":-0.04164694622159004},"size":0.10261719673871994,"orthographic":false}