{"cameraMode":{"drawMode":0,"name":"Shaded","section":"Shading Mode"},"sceneLighting":false,"audioPlay":false,"sceneViewState":{"m_AlwaysRefresh":false,"showFog":false,"showSkybox":false,"showFlares":false,"showImageEffects":false,"showParticleSystems":false,"showVisualEffectGraphs":true,"m_FxEnabled":true},"in2DMode":false,"pivot":{"x":0.003406032919883728,"y":0.6866874694824219,"z":0.002557924948632717},"rotation":{"x":-0.0018258485943078995,"y":0.9981733560562134,"z":-0.04375753179192543,"w":-0.04164694622159004},"size":0.6964225769042969,"orthographic":false}