{"cameraMode":{"drawMode":0,"name":"Shaded","section":"Shading Mode"},"sceneLighting":false,"audioPlay":false,"sceneViewState":{"m_AlwaysRefresh":false,"showFog":true,"showSkybox":false,"showFlares":true,"showImageEffects":true,"showParticleSystems":true,"showVisualEffectGraphs":true,"m_FxEnabled":true},"in2DMode":false,"pivot":{"x":0.020441055297851564,"y":0.7635954022407532,"z":0.3753812909126282},"rotation":{"x":-0.0018258485943078995,"y":0.9981733560562134,"z":-0.04375753179192543,"w":-0.04164694622159004},"size":0.7251089811325073,"orthographic":false}